{"accuracy": 43.290863037109375, "precision": 2.6495308876037598, "miou": 2.4692599773406982, "recall": 86.47648620605469, "loss": 0.14194313548505305, "_timestamp": 1679283685.3067434, "_runtime": 275.1250174045563, "_step": 173, "_wandb": {"runtime": 274}}