{"accuracy": 99.83667755126953, "precision": 3.006960391998291, "miou": 1.3698159456253052, "recall": 14.501188278198242, "loss": 0.0471579305594787, "_timestamp": 1679273355.5062027, "_runtime": 28045.464456796646, "_step": 5143, "_wandb": {"runtime": 28047}}