{"accuracy": 99.9895248413086, "precision": 0.0, "miou": 0.0, "recall": 0.0, "loss": NaN, "_timestamp": 1678988690.418051, "_runtime": 2102.1490240097046, "_step": 373, "_wandb": {"runtime": 2103}}