{"accuracy": 96.3823013305664, "precision": 0.3497299253940582, "miou": 0.3204338848590851, "recall": 22.134721755981445, "loss": 0.011194766007247382, "_timestamp": 1679013440.2262502, "_runtime": 1994.4114971160889, "_step": 378, "_wandb": {"runtime": 1994}}