{"accuracy": 98.67784118652344, "precision": 1.308026909828186, "miou": 1.1299254894256592, "recall": 29.630882263183594, "loss": 0.03380615981295705, "_timestamp": 1679242857.5937464, "_runtime": 16070.383565425873, "_step": 2751, "_wandb": {"runtime": 16069}}