{"accuracy": 35.89567947387695, "precision": 0.07958527654409409, "miou": 0.07851432263851166, "recall": 35.203834533691406, "loss": 0.015394004015251993, "_timestamp": 1679226111.5482795, "_runtime": 1167.6578595638275, "_step": 183, "_wandb": {"runtime": 1171}}