{"accuracy": 96.95550537109375, "precision": 0.977195680141449, "miou": 0.8834841847419739, "recall": 39.20442581176758, "loss": 0.004553976858733222, "_timestamp": 1679001024.7862632, "_runtime": 9228.569404125214, "_step": 1744}