{"accuracy": 91.8148422241211, "precision": 0.027123788371682167, "miou": 0.026976581662893295, "recall": 7.095929145812988, "loss": 0.016680975502822548, "_timestamp": 1679018157.8524024, "_runtime": 896.3855955600739, "_step": 148, "_wandb": {"runtime": 897}}