{"accuracy": 90.8624267578125, "precision": 16.125505447387695, "miou": 5.848591327667236, "recall": 21.935382843017578, "loss": 3.116278299530677, "_timestamp": 1679287314.798713, "_runtime": 2659.224837064743, "_step": 1824, "_wandb": {"runtime": 2658}}