{"accuracy": 0.8538570404052734, "precision": 0.0017466704593971372, "miou": 0.0017330514965578914, "recall": 0.22226855158805847, "loss": 0.11942756175994873, "_timestamp": 1678986582.153116, "_runtime": 172.70045399665833, "_step": 571, "_wandb": {"runtime": 171}}