{"accuracy": 81.07022857666016, "precision": 0.007970286533236504, "miou": 0.007958689704537392, "recall": 14.554420471191406, "loss": 0.49373841430060567, "_timestamp": 1679224863.8219514, "_runtime": 18.832189321517944, "_step": 0, "_wandb": {"runtime": 15}}