{"accuracy": 98.06092071533203, "precision": 0.03177501633763313, "miou": 0.02859397418797016, "recall": 0.29859820008277893, "loss": 0.018910059676272795, "_timestamp": 1679020501.1099913, "_runtime": 2305.2044854164124, "_step": 394, "_wandb": {"runtime": 2304}}