{"accuracy": 86.93634033203125, "precision": 0.10950042307376862, "miou": 0.1087031215429306, "recall": 31.346044540405273, "loss": 0.013149686076212674, "_timestamp": 1679283871.639364, "_runtime": 143.68053889274597, "_step": 90, "_wandb": {"runtime": 142}}