{"accuracy": 83.73674774169922, "precision": 0.013634750619530678, "miou": 0.013601009733974934, "recall": 16.79517364501953, "loss": 0.04354187519638799, "_timestamp": 1679291481.6183915, "_runtime": 14.393340587615967, "_step": 0, "_wandb": {"runtime": 16}}