{"accuracy": 99.34646606445312, "precision": 0.2893604636192322, "miou": 0.27691882848739624, "recall": 10.0, "loss": 0.0010677773781935685, "_timestamp": 1679284640.5194857, "_runtime": 725.1217927932739, "_step": 480, "_wandb": {"runtime": 724}}