{"accuracy": 60.673583984375, "precision": 0.035877346992492676, "miou": 0.03580346703529358, "recall": 50.32231140136719, "loss": 0.08627758342772722, "_timestamp": 1679221882.1595178, "_runtime": 46.490880727767944, "_step": 5, "_wandb": {"runtime": 43}}